t_date,p10_adj,p90_adj
2024-01-01,118.8207,153.4487
2024-01-02,116.3123,143.4489
2024-01-03,119.1456,148.6956
2024-01-04,123.3346,150.9474
2024-01-05,120.2741,146.0029
2024-01-06,135.4948,170.4692
2024-01-07,139.9109,181.94
2024-01-08,143.6378,178.319
2024-01-09,148.0291,180.7047
2024-01-10,153.2932,185.7902
2024-01-11,157.0495,189.0477
2024-01-12,161.5473,198.2601
2024-01-13,163.373,192.2147
2024-01-14,161.1173,191.7988
2024-01-15,159.54,188.6194
2024-01-16,150.4302,184.4509
2024-01-17,148.1509,179.507
2024-01-18,143.5189,179.3568
2024-01-19,137.6127,166.8491
2024-01-20,138.9621,169.0371
2024-01-21,140.9677,167.8574
2024-01-22,146.1625,176.7468
2024-01-23,155.2627,193.0981
2024-01-24,144.3112,183.8413
2024-01-25,131.4224,170.5007
2024-01-26,124.0103,161.2255
2024-01-27,120.5354,159.7016
2024-01-28,120.1012,153.3554
2024-01-29,118.3263,149.6618
2024-01-30,121.2367,153.875
2024-01-31,124.5726,151.9978
2024-02-01,127.1022,157.2842
2024-02-02,130.4437,158.0774
2024-02-03,135.016,167.1688
2024-02-04,148.606,184.1156
2024-02-05,150.2663,188.4037
2024-02-06,155.1455,189.8921
2024-02-07,165.6981,201.9884
2024-02-08,165.6251,194.1158
2024-02-09,158.2112,190.4107
2024-02-10,160.723,191.0271
2024-02-11,169.0587,201.2949
2024-02-12,156.9374,187.5014
2024-02-13,169.124,202.282
2024-02-14,163.9161,194.1733
2024-02-15,152.1222,182.6706
2024-02-16,141.7932,175.5428
2024-02-17,134.0922,167.001
2024-02-18,133.0953,167.42
2024-02-19,130.6513,168.2325
2024-02-20,129.396,165.1443
2024-02-21,128.8037,168.3077
2024-02-22,131.0535,170.5403
2024-02-23,147.6551,180.8318
2024-02-24,152.1086,185.0955
2024-02-25,155.2618,196.7474
2024-02-26,155.8337,188.5279
2024-02-27,145.6796,176.0516
2024-02-28,149.8616,177.1157
2024-02-29,151.1753,184.3443
2024-03-01,140.0531,175.1625
2024-03-02,133.3611,164.4849
2024-03-03,133.3589,163.7055
2024-03-04,134.3809,160.1361
2024-03-05,132.0919,157.1768
2024-03-06,132.309,160.0622
2024-03-07,130.397,155.4352
2024-03-08,129.2451,156.982
2024-03-09,122.3434,149.5918
2024-03-10,122.0346,149.1659
2024-03-11,118.0767,141.2593
2024-03-12,118.766,141.4177
2024-03-13,121.0627,146.285
2024-03-14,119.7616,147.18
2024-03-15,117.4446,149.2913
2024-03-16,120.5126,151.8095
2024-03-17,128.4658,165.6136
2024-03-18,140.7328,173.8216
2024-03-19,153.5963,193.4805
2024-03-20,149.3754,186.6713
2024-03-21,151.8602,185.1355
2024-03-22,166.5553,198.9027
2024-03-23,168.0969,197.9885
2024-03-24,169.1147,208.7617
2024-03-25,173.5698,200.6858
2024-03-26,163.4654,193.97
2024-03-27,148.1036,182.0847
2024-03-28,138.3299,174.3382
2024-03-29,127.0454,171.1527
2024-03-30,120.2,166.8673
2024-03-31,113.4062,149.6968
2024-04-01,110.3833,144.464
2024-04-02,105.6057,135.252
2024-04-03,103.1929,126.5046
2024-04-04,105.4587,128.8528
2024-04-05,113.3082,133.1182
2024-04-06,117.3241,140.9385
2024-04-07,119.719,144.1774
2024-04-08,121.154,146.9193
2024-04-09,117.9817,146.87
2024-04-10,118.2141,147.3358
2024-04-11,127.0982,154.5585
2024-04-12,133.1554,162.5914
2024-04-13,144.3006,172.6271
2024-04-14,150.0657,180.6457
2024-04-15,163.1623,197.3052
2024-04-16,171.0994,208.7027
2024-04-17,171.732,204.5009
2024-04-18,174.2898,233.3638
2024-04-19,173.4517,233.4706
2024-04-20,172.1242,232.7309
2024-04-21,171.3793,218.1342
2024-04-22,168.5688,229.3862
2024-04-23,166.8141,233.6415
2024-04-24,164.9636,232.7782
2024-04-25,160.038,203.8016
2024-04-26,133.5718,169.3996
2024-04-27,124.8305,161.629
2024-04-28,124.3982,157.2988
2024-04-29,123.128,149.2253
2024-04-30,119.1868,153.7538
2024-05-01,118.8661,148.6621
2024-05-02,125.4919,153.4934
2024-05-03,135.0406,169.5799
2024-05-04,143.1139,178.7559
2024-05-05,154.649,183.1149
2024-05-06,162.0547,192.5388
2024-05-07,160.4216,194.2537
2024-05-08,179.0428,225.0728
2024-05-09,179.0972,234.1225
2024-05-10,183.5044,243.318
2024-05-11,182.2003,242.8673
2024-05-12,180.7025,244.1872
2024-05-13,179.5855,242.0614
2024-05-14,177.2426,234.1667
2024-05-15,178.7439,233.2704
2024-05-16,178.0093,232.572
2024-05-17,174.8756,221.4792
2024-05-18,173.0245,222.0086
2024-05-19,167.9589,201.5967
2024-05-20,161.1577,203.1449
2024-05-21,165.1773,208.2004
2024-05-22,165.8838,199.9699
2024-05-23,158.6766,197.1813
2024-05-24,146.3903,186.7072
2024-05-25,134.8133,178.4801
2024-05-26,142.727,178.7982
2024-05-27,140.3916,177.1616
2024-05-28,153.0811,189.3168
2024-05-29,153.0203,190.4934
2024-05-30,156.1958,195.003
2024-05-31,158.5517,193.2548
2024-06-01,167.2309,197.9285
2024-06-02,177.711,230.2544
2024-06-03,170.4332,202.4113
2024-06-04,172.9493,205.4567
2024-06-05,174.1154,203.1498
2024-06-06,171.5156,200.9191
2024-06-07,174.7572,205.3553
2024-06-08,172.1662,204.0488
2024-06-09,171.4562,203.0625
2024-06-10,168.4302,195.8191
2024-06-11,153.8742,189.8543
2024-06-12,154.1702,186.0709
2024-06-13,154.0909,188.3819
2024-06-14,154.6522,187.1771
2024-06-15,159.9088,190.4481
2024-06-16,164.6993,194.1948
2024-06-17,161.1877,194.7545
2024-06-18,168.372,197.1034
2024-06-19,174.3725,210.0341
2024-06-20,178.447,218.2642
2024-06-21,174.718,224.2012
2024-06-22,173.7088,219.6185
2024-06-23,175.3287,218.6636
2024-06-24,173.3307,211.1374
2024-06-25,172.7768,213.3776
2024-06-26,173.7158,207.1945
2024-06-27,169.9052,199.1955
2024-06-28,172.3077,202.3343
2024-06-29,175.5126,202.4983
2024-06-30,175.9914,203.3267
2024-07-01,164.1866,192.9647
2024-07-02,160.0487,192.0609
2024-07-03,153.8243,181.2724
2024-07-04,150.8905,178.392
2024-07-05,155.0574,189.0821
2024-07-06,149.9859,186.6353
2024-07-07,149.057,184.7027
2024-07-08,152.8994,191.9054
2024-07-09,156.036,189.8994
2024-07-10,172.8572,202.9693
2024-07-11,181.9696,234.7237
2024-07-12,183.1998,225.914
2024-07-13,183.9007,244.3819
2024-07-14,186.9854,250.7264
2024-07-15,183.6804,251.5454
2024-07-16,182.5248,246.6265
2024-07-17,181.8849,239.7085
2024-07-18,181.9881,240.3558
2024-07-19,179.797,236.5758
2024-07-20,181.545,226.5303
2024-07-21,181.6789,237.7386
2024-07-22,177.4395,215.0993
2024-07-23,171.8507,203.3951
2024-07-24,162.0556,188.6261
2024-07-25,160.9277,188.6821
2024-07-26,157.5626,188.7943
2024-07-27,168.5907,194.3624
2024-07-28,179.5211,225.8095
2024-07-29,182.3048,238.287
2024-07-30,182.8544,250.8979
2024-07-31,184.4631,256.7846
2024-08-01,186.0971,257.5476
2024-08-02,184.3595,250.0993
2024-08-03,182.8356,247.7534
2024-08-04,183.0639,240.279
2024-08-05,189.1004,255.7992
2024-08-06,190.7854,259.4361
2024-08-07,187.9291,254.5778
2024-08-08,188.0412,253.6823
2024-08-09,190.0408,258.0255
2024-08-10,188.6525,256.2195
2024-08-11,190.1008,255.9532
2024-08-12,190.1458,252.8361
2024-08-13,188.4769,249.355
2024-08-14,184.8243,243.7869
2024-08-15,173.7773,230.7251
2024-08-16,175.9343,233.8406
2024-08-17,179.3808,240.3408
2024-08-18,182.8721,245.0489
2024-08-19,190.1982,256.9062
2024-08-20,188.3811,251.4894
2024-08-21,186.4962,241.1111
2024-08-22,187.6121,240.258
2024-08-23,187.8273,245.6996
2024-08-24,187.8266,242.9134
2024-08-25,182.2175,236.7052
2024-08-26,187.1008,247.5699
2024-08-27,180.5658,240.0723
2024-08-28,179.7286,232.6871
2024-08-29,176.0573,233.7447
2024-08-30,175.5367,223.8134
2024-08-31,183.963,240.9661
2024-09-01,182.412,234.2771
2024-09-02,183.5889,242.4029
2024-09-03,182.046,235.7182
2024-09-04,183.2498,241.7271
2024-09-05,182.9667,237.6378
2024-09-06,181.4234,239.0778
2024-09-07,182.0368,235.7552
2024-09-08,177.9577,230.0963
2024-09-09,179.0183,231.4626
2024-09-10,176.72,229.2205
2024-09-11,178.2462,220.2105
2024-09-12,176.286,217.5262
2024-09-13,168.416,209.717
2024-09-14,167.2576,204.5808
2024-09-15,148.4606,187.7991
2024-09-16,153.6979,190.5464
2024-09-17,156.7278,189.2658
2024-09-18,150.9969,183.7555
2024-09-19,150.317,177.9888
2024-09-20,150.0787,175.7796
2024-09-21,148.5528,172.6134
2024-09-22,148.9884,176.1105
2024-09-23,152.251,180.8411
2024-09-24,152.8781,184.0963
2024-09-25,155.7695,189.3455
2024-09-26,157.1722,193.2801
2024-09-27,158.7289,194.4632
2024-09-28,166.6396,201.9507
2024-09-29,169.9085,204.3545
2024-09-30,172.2526,205.4513
2024-10-01,176.9251,232.0661
2024-10-02,180.796,239.5589
2024-10-03,183.0328,246.6476
2024-10-04,184.9338,253.6214
2024-10-05,180.8133,245.6729
2024-10-06,179.4763,247.0557
2024-10-07,179.0482,241.0397
2024-10-08,174.8499,239.105
2024-10-09,169.9107,235.9995
2024-10-10,173.169,230.0649
2024-10-11,169.9519,228.0016
2024-10-12,163.1372,223.6792
2024-10-13,162.5229,224.9796
2024-10-14,163.2538,200.6634
2024-10-15,154.8775,189.6364
2024-10-16,149.8257,182.0269
2024-10-17,151.0734,179.1533
2024-10-18,148.2467,178.3829
2024-10-19,147.5888,177.9663
2024-10-20,146.5992,177.1651
2024-10-21,152.9444,183.7002
2024-10-22,147.9147,181.0643
2024-10-23,152.8057,192.6529
2024-10-24,165.8396,205.5029
2024-10-25,179.4443,216.5181
2024-10-26,184.2034,229.22
2024-10-27,185.9727,242.2647
2024-10-28,189.3322,245.7947
2024-10-29,190.5075,257.17
2024-10-30,188.6052,255.9034
2024-10-31,188.3021,254.6911
2024-11-01,187.7358,256.4773
2024-11-02,186.9751,248.3416
2024-11-03,185.3805,247.3548
2024-11-04,182.8148,248.2553
2024-11-05,178.9876,235.2845
2024-11-06,181.5178,236.1121
2024-11-07,183.0753,245.6021
2024-11-08,177.0542,235.6388
2024-11-09,173.8944,232.799
2024-11-10,169.3838,223.184
2024-11-11,167.7317,222.0082
2024-11-12,151.18,185.2875
2024-11-13,145.0284,176.1173
2024-11-14,137.3333,163.8148
2024-11-15,134.2203,161.4421
2024-11-16,133.8157,164.5181
2024-11-17,133.6083,159.2821
2024-11-18,137.8876,168.6143
2024-11-19,147.1803,180.0153
2024-11-20,144.8968,175.8016
2024-11-21,147.6482,174.6406
2024-11-22,153.9292,182.5899
2024-11-23,158.9165,192.5784
2024-11-24,178.4775,214.3344
2024-11-25,180.768,216.6326
2024-11-26,181.2947,232.78
2024-11-27,183.2583,238.1094
2024-11-28,181.9918,233.9887
2024-11-29,180.8757,218.8956
2024-11-30,175.4348,228.8347
2024-12-01,170.1954,202.7379
2024-12-02,159.5741,188.9565
2024-12-03,155.8047,187.7107
2024-12-04,144.6496,177.3087
2024-12-05,143.3653,176.8208
2024-12-06,140.854,175.8707
2024-12-07,143.7048,177.9145
2024-12-08,147.9591,182.49
2024-12-09,140.3003,177.6446
2024-12-10,143.604,175.0241
2024-12-11,143.5401,170.8381
2024-12-12,138.2593,164.2582
2024-12-13,138.9859,166.0935
2024-12-14,142.1471,168.7797
2024-12-15,144.9145,172.3683
2024-12-16,147.9346,173.0193
2024-12-17,141.8532,174.3769
2024-12-18,147.0362,175.7248
2024-12-19,152.0918,181.1481
2024-12-20,159.7408,192.2089
2024-12-21,167.5192,200.1531
2024-12-22,179.2703,216.4179
2024-12-23,185.001,251.8691
2024-12-24,185.2027,252.5439
2024-12-25,184.2664,249.8177
2024-12-26,184.5357,244.1393
2024-12-27,177.4837,237.2838
2024-12-28,177.2289,236.8041
2024-12-29,175.1761,235.9751
2024-12-30,173.8664,232.5201
2024-12-31,170.0794,229.7304
2025-01-01,171.4525,219.076
2025-01-02,174.732,227.7016
2025-01-03,173.8431,226.6211
2025-01-04,169.7126,214.0106
2025-01-05,164.3247,208.1955
2025-01-06,146.0751,175.8751
2025-01-07,140.232,167.1014
2025-01-08,140.3064,163.4819
2025-01-09,142.1521,166.2434
2025-01-10,140.7462,166.8104
2025-01-11,138.5439,165.1568
2025-01-12,140.7156,166.4008
2025-01-13,138.3941,174.1286
2025-01-14,140.5899,178.2217
2025-01-15,147.062,185.2371
2025-01-16,161.1924,192.737
2025-01-17,183.7137,224.2716
2025-01-18,181.8593,238.4588
2025-01-19,183.078,240.1851
2025-01-20,185.8389,247.741
2025-01-21,184.8209,243.7424
2025-01-22,176.5948,230.1177
2025-01-23,177.7241,217.858
2025-01-24,169.4318,209.4936
2025-01-25,166.4866,198.1185
2025-01-26,149.3157,186.7973
2025-01-27,135.48,178.0015
2025-01-28,134.5383,173.9843
2025-01-29,141.1601,182.3784
2025-01-30,148.2288,181.3508
2025-01-31,155.5728,188.6749
2025-02-01,162.5325,198.9809
2025-02-02,160.3009,193.5884
2025-02-03,168.4128,213.5602
2025-02-04,173.1047,228.4599
2025-02-05,169.7529,213.9921
2025-02-06,162.4224,198.5354
2025-02-07,164.9571,193.5106
2025-02-08,157.7342,189.1971
2025-02-09,148.8849,178.1411
2025-02-10,143.1248,177.2755
2025-02-11,142.9306,175.6191
2025-02-12,141.8085,169.9796
2025-02-13,148.3525,182.7205
2025-02-14,154.5068,182.9047
2025-02-15,158.9928,191.2606
2025-02-16,164.2042,202.8707
2025-02-17,167.466,202.9325
2025-02-18,165.0555,193.4362
2025-02-19,152.0668,186.7311
2025-02-20,152.5026,183.6862
2025-02-21,164.0902,190.5922
2025-02-22,172.2224,204.9478
2025-02-23,176.1644,208.4979
2025-02-24,178.191,236.8671
2025-02-25,176.806,212.9974
2025-02-26,162.2109,190.1824
2025-02-27,155.8935,184.4764
2025-02-28,139.2132,172.0615
2025-03-01,138.1207,164.1239
2025-03-02,140.9262,164.7349
2025-03-03,139.288,161.2801
2025-03-04,144.6511,173.1767
2025-03-05,143.8407,169.3053
2025-03-06,143.7561,167.7112
2025-03-07,138.1777,162.6928
2025-03-08,134.4271,163.77
2025-03-09,137.3463,161.4841
2025-03-10,138.8248,164.9593
2025-03-11,144.5476,170.2037
2025-03-12,148.8954,177.4953
2025-03-13,149.5039,179.9023
2025-03-14,155.5255,187.8357
2025-03-15,163.1996,196.2142
2025-03-16,163.3157,192.5093
2025-03-17,165.9694,195.2667
2025-03-18,172.7709,206.5087
2025-03-19,162.677,189.8151
2025-03-20,156.4723,186.9205
2025-03-21,149.4589,176.6999
2025-03-22,148.8926,172.1816
2025-03-23,147.8287,176.8282
2025-03-24,133.1864,171.3221
2025-03-25,128.2365,163.2575
2025-03-26,124.674,161.9854
2025-03-27,130.1809,161.8379
2025-03-28,131.865,169.2656
2025-03-29,136.6512,175.2611
2025-03-30,146.3069,180.8749
2025-03-31,155.5914,193.415
2025-04-01,154.78,194.2204
2025-04-02,160.4284,192.6953
2025-04-03,160.0655,191.5944
2025-04-04,161.7473,194.0394
2025-04-05,163.7466,192.7131
2025-04-06,163.7097,194.5868
2025-04-07,156.3273,180.9309
2025-04-08,148.438,172.8734
2025-04-09,139.8931,168.3811
2025-04-10,145.6422,171.724
2025-04-11,140.1168,164.8522
2025-04-12,148.5282,173.7862
2025-04-13,140.1781,174.3745
2025-04-14,133.7459,171.3178
2025-04-15,128.4301,166.0736
2025-04-16,132.2496,169.4399
2025-04-17,143.5204,170.6726
2025-04-18,143.5865,176.2662
2025-04-19,143.6965,178.074
2025-04-20,144.488,173.5351
2025-04-21,146.5105,174.0426
2025-04-22,150.2981,177.3621
2025-04-23,151.7016,177.0958
2025-04-24,152.2579,178.5469
2025-04-25,155.3308,184.0276
2025-04-26,151.6325,178.8479
2025-04-27,138.5522,168.473
2025-04-28,138.7324,166.4234
2025-04-29,142.0798,174.4276
2025-04-30,141.7661,179.8854
2025-05-01,137.3307,177.4253
2025-05-02,133.6084,172.8744
2025-05-03,136.5236,173.0751
2025-05-04,139.8811,170.6247
2025-05-05,150.9814,174.728
2025-05-06,148.4034,174.1694
2025-05-07,140.7486,170.1852
2025-05-08,133.4134,168.9801
2025-05-09,127.652,165.4772
2025-05-10,119.8377,155.9986
2025-05-11,117.1932,149.0482
2025-05-12,116.3576,143.8644
2025-05-13,113.8882,137.2823
2025-05-14,113.3839,142.5318
2025-05-15,116.1811,147.9857
2025-05-16,119.7827,146.1732
2025-05-17,117.5387,144.7366
2025-05-18,117.7683,143.6967
2025-05-19,118.0593,142.3906
2025-05-20,118.7008,140.6632
2025-05-21,121.0372,141.5145
2025-05-22,120.896,142.7956
2025-05-23,122.0659,145.1145
2025-05-24,124.2983,146.1495
2025-05-25,128.1423,151.4585
2025-05-26,130.9308,154.7706
2025-05-27,131.987,156.8275
2025-05-28,135.9279,161.4198
2025-05-29,134.9736,160.0145
2025-05-30,136.9117,161.7688
2025-05-31,138.3094,167.7673
2025-06-01,141.0692,166.5498
2025-06-02,131.7835,163.358
2025-06-03,125.4746,150.971
2025-06-04,119.2481,148.1476
2025-06-05,119.1155,141.4113
2025-06-06,117.0839,138.4057
2025-06-07,114.9592,136.9959
2025-06-08,112.5416,135.2875
2025-06-09,113.073,134.3613
2025-06-10,117.9108,140.4921
2025-06-11,125.6812,152.363
2025-06-12,130.3011,162.1529
2025-06-13,133.9006,165.2689
2025-06-14,134.9138,165.0529
2025-06-15,136.938,171.1771
2025-06-16,138.3045,168.278
2025-06-17,131.7785,160.5427
2025-06-18,134.9307,160.8231
2025-06-19,134.3556,159.5723
2025-06-20,128.6476,152.9349
2025-06-21,125.4638,145.273
2025-06-22,120.0847,140.4848
2025-06-23,121.2847,138.8426
2025-06-24,117.8908,136.8239
2025-06-25,118.4742,137.9009
2025-06-26,117.6981,137.4014
2025-06-27,117.8874,137.3619
2025-06-28,120.3937,140.382
2025-06-29,121.1741,144.5079
2025-06-30,124.001,151.9972
2025-07-01,125.3891,151.6805
2025-07-02,121.659,147.4952
2025-07-03,124.413,145.2387
2025-07-04,120.0482,142.3655
2025-07-05,114.3835,139.2693
2025-07-06,112.7574,137.6791
2025-07-07,115.4892,139.5004
2025-07-08,113.8102,136.562
2025-07-09,113.5316,137.323
2025-07-10,115.2141,139.4399
2025-07-11,123.5507,148.5355
2025-07-12,126.4522,148.8331
2025-07-13,132.4342,158.7021
2025-07-14,124.9948,152.7847
2025-07-15,126.31,154.256
2025-07-16,136.6697,162.7557
2025-07-17,141.542,171.139
2025-07-18,141.7799,170.455
2025-07-19,135.4046,172.9304
2025-07-20,132.3895,169.5089
2025-07-21,131.0304,167.2048
2025-07-22,127.2509,153.1646
2025-07-23,130.2111,156.753
2025-07-24,132.2048,165.5522
2025-07-25,139.6174,168.0715
2025-07-26,134.3173,165.0028
2025-07-27,132.2347,156.7342
2025-07-28,127.8324,155.9327
2025-07-29,126.1173,153.0812
2025-07-30,129.2479,163.9472
2025-07-31,131.972,163.3107
2025-08-01,131.5846,161.8167
2025-08-02,136.154,166.877
2025-08-03,137.0152,165.4178
2025-08-04,132.5579,163.4458
2025-08-05,135.7741,161.2498
2025-08-06,143.4595,172.4586
2025-08-07,143.5243,174.9909
2025-08-08,141.8396,170.0742
2025-08-09,136.069,163.9613
2025-08-10,136.5607,159.0864
2025-08-11,141.184,164.3159
2025-08-12,140.0567,161.7209
2025-08-13,141.4754,167.0108
2025-08-14,134.2929,161.6125
2025-08-15,125.4037,150.872
2025-08-16,119.4669,142.5713
2025-08-17,114.8779,138.3791
2025-08-18,112.8962,136.9398
2025-08-19,107.2533,132.3703
2025-08-20,114.614,137.8091
2025-08-21,117.9691,143.2231
2025-08-22,117.414,145.0814
2025-08-23,124.4025,159.6988
2025-08-24,135.2059,163.3244
2025-08-25,143.7003,178.5188
2025-08-26,164.4671,202.456
2025-08-27,179.0927,230.3017
2025-08-28,181.0643,243.7294
2025-08-29,178.4439,236.9149
2025-08-30,177.5026,235.8893
2025-08-31,176.2357,237.4265
2025-09-01,170.9949,229.8617
2025-09-02,166.8468,210.2666
2025-09-03,159.2125,197.0697
2025-09-04,154.1317,185.4791
2025-09-05,141.5815,180.3523
2025-09-06,129.5596,162.2019
2025-09-07,125.2757,152.1356
2025-09-08,123.7529,144.1339
2025-09-09,119.7805,138.8827
2025-09-10,116.4972,137.1504
2025-09-11,115.2435,135.6749
2025-09-12,111.5238,132.9755
2025-09-13,110.142,132.7344
2025-09-14,116.7874,142.1056
2025-09-15,120.5533,147.0542
2025-09-16,128.1969,153.8835
2025-09-17,134.9921,164.216
2025-09-18,145.63,174.6564
2025-09-19,147.4759,177.4013
2025-09-20,152.6718,178.215
2025-09-21,158.2474,179.2487
2025-09-22,162.9385,187.8194
2025-09-23,156.1584,185.6715
2025-09-24,153.832,178.2462
2025-09-25,162.1153,185.4951
2025-09-26,147.9985,176.9404
2025-09-27,144.2889,172.2395
2025-09-28,142.0682,169.6035
2025-09-29,146.5852,180.791
2025-09-30,160.874,192.6679
2025-10-01,159.5917,192.824
2025-10-02,154.0042,189.3126
2025-10-03,141.0656,177.421
2025-10-04,138.6907,170.1394
2025-10-05,131.037,165.1413
2025-10-06,129.9562,159.1075
2025-10-07,118.9693,147.6369
2025-10-08,113.3374,142.1666
2025-10-09,109.3065,140.2385
2025-10-10,112.6151,138.9425
2025-10-11,113.4681,142.838
2025-10-12,124.8787,154.5911
2025-10-13,134.7456,165.7308
2025-10-14,136.4191,164.8186
2025-10-15,142.1756,169.8886
2025-10-16,149.0542,178.6672
2025-10-17,140.5453,174.4743
2025-10-18,142.0361,180.4233
2025-10-19,137.2812,170.7694
2025-10-20,139.3305,163.136
2025-10-21,136.9732,161.5303
2025-10-22,130.5582,150.7688
2025-10-23,129.1099,151.0773
2025-10-24,128.567,151.3247
2025-10-25,127.211,153.4169
2025-10-26,124.0255,144.9042
2025-10-27,121.1042,141.4321
2025-10-28,117.1192,138.0812
2025-10-29,114.2121,137.2528
2025-10-30,110.3801,129.3106
2025-10-31,108.2505,132.7922
2025-11-01,108.452,139.8374
2025-11-02,106.7079,134.3289
2025-11-03,120.8314,149.4868
2025-11-04,125.8822,155.8179
2025-11-05,131.7108,175.2667
2025-11-06,139.7143,168.0001
2025-11-07,148.734,185.83
2025-11-08,150.9031,181.617
2025-11-09,155.9148,177.7043
2025-11-10,154.816,180.5112
2025-11-11,156.0984,184.345
2025-11-12,145.0963,175.325
2025-11-13,134.3532,162.6227
2025-11-14,125.766,158.1669
2025-11-15,122.1288,149.0706
2025-11-16,111.4934,139.2455
2025-11-17,113.7216,138.2214
2025-11-18,111.614,133.9867
2025-11-19,111.4659,127.9874
2025-11-20,113.0496,135.9501
2025-11-21,112.5919,134.7885
2025-11-22,115.3755,137.7273
2025-11-23,113.2052,131.9005
2025-11-24,115.036,136.1663
2025-11-25,113.8794,137.3197
2025-11-26,115.6065,135.6964
2025-11-27,116.9507,137.8072
2025-11-28,117.6604,138.1443
2025-11-29,129.1251,161.3188
2025-11-30,150.7061,192.8234
2025-12-01,164.8916,204.5971
2025-12-02,174.1657,220.3745
2025-12-03,177.1509,224.6279
2025-12-04,177.627,219.8849
2025-12-05,174.5422,234.5063
2025-12-06,172.3955,209.6857
2025-12-07,169.0087,203.6978
2025-12-08,161.2783,194.1814
2025-12-09,148.6117,183.1265
2025-12-10,141.4948,180.2754
2025-12-11,131.5945,168.3818
2025-12-12,120.8202,155.0284
2025-12-13,108.3885,139.7662
2025-12-14,105.6823,132.4615
2025-12-15,104.4938,125.3175
2025-12-16,106.7069,126.4409
2025-12-17,104.751,125.3976
2025-12-18,106.9481,129.1506
2025-12-19,100.6971,129.4315
2025-12-20,107.5036,133.7465
2025-12-21,109.9737,137.1139
2025-12-22,115.2065,146.857
2025-12-23,125.0457,153.8784
2025-12-24,131.4657,162.0534
2025-12-25,129.188,159.227
2025-12-26,141.1638,173.572
2025-12-27,149.4516,180.4048
2025-12-28,152.756,184.2419
2025-12-29,160.2774,192.7951
2025-12-30,164.4655,194.8793
2025-12-31,155.5367,184.9616
2026-01-01,144.5829,173.2169
2026-01-02,141.7157,165.3817
2026-01-03,137.7989,162.1034
2026-01-04,133.2134,160.5978
2026-01-05,127.3623,160.233
2026-01-06,126.7914,157.4079
2026-01-07,127.5136,154.239
2026-01-08,115.9652,139.5641
2026-01-09,115.6895,141.3386
2026-01-10,105.7615,127.7069
2026-01-11,104.8111,125.907
2026-01-12,104.2795,122.9521
2026-01-13,102.2545,125.9094
2026-01-14,110.8368,132.5344
2026-01-15,123.7339,149.7589
2026-01-16,138.69,171.307
2026-01-17,140.4576,173.5772
2026-01-18,138.3309,173.3579
2026-01-19,164.6304,218.763
2026-01-20,154.5658,183.5711
2026-01-21,156.301,186.867
2026-01-22,162.9447,193.0791
2026-01-23,166.0529,197.168
2026-01-24,149.9016,178.1697
2026-01-25,144.4192,169.9358
2026-01-26,136.2437,163.6198
2026-01-27,127.9322,152.2067
2026-01-28,125.4544,152.1057
2026-01-29,118.351,144.1662
2026-01-30,114.0779,136.5931
2026-01-31,116.3474,138.3186
2026-02-01,128.2618,150.5708
2026-02-02,135.7669,171.8819
2026-02-03,151.1771,184.277
2026-02-04,149.8645,183.1698
2026-02-05,147.0022,179.4906
2026-02-06,145.1976,176.878
2026-02-07,138.7963,172.9637
2026-02-08,139.5649,172.6837
2026-02-09,135.9694,172.7657
2026-02-10,128.8541,166.353
2026-02-11,122.4763,157.426
2026-02-12,117.0481,144.1464
2026-02-13,116.5023,142.773
2026-02-14,115.1839,137.4639
2026-02-15,115.3357,136.2569
2026-02-16,116.3901,132.7851
2026-02-17,114.4094,131.0195
2026-02-18,111.7708,133.9217
2026-02-19,109.8575,128.8493
2026-02-20,104.2395,129.8152
2026-02-21,100.009,128.9381
2026-02-22,101.094,129.6028
2026-02-23,101.9329,133.0379
2026-02-24,99.4813,132.0075
2026-02-25,107.8737,141.804
2026-02-26,114.7507,149.6278
2026-02-27,119.4848,151.1213
2026-02-28,124.6061,157.8681
2026-03-01,126.2059,163.606
2026-03-02,127.7298,164.3281
2026-03-03,126.9153,162.331
2026-03-04,122.6832,157.2152
2026-03-05,121.2536,151.0272
2026-03-06,123.5655,151.313
2026-03-07,121.5287,147.3185
2026-03-08,116.937,141.9648
2026-03-09,116.0264,138.764
2026-03-10,114.4241,134.0179
2026-03-11,114.1727,137.9857
2026-03-12,113.8928,134.0709
2026-03-13,109.7548,133.7198
2026-03-14,108.5163,130.6967
2026-03-15,104.6302,124.7671
2026-03-16,102.4132,123.9778
2026-03-17,103.9159,124.4121
2026-03-18,103.5496,125.0991
2026-03-19,99.8227,125.8193
2026-03-20,96.5181,122.6602
2026-03-21,96.5372,120.2998
2026-03-22,109.2244,128.5745
2026-03-23,117.1561,144.3103
2026-03-24,121.6079,146.8472
2026-03-25,120.3822,145.3126
2026-03-26,128.0921,156.9639
2026-03-27,139.0019,176.7548
2026-03-28,137.4495,173.9172
2026-03-29,135.4515,173.4577
2026-03-30,135.1655,164.2264
2026-03-31,132.525,159.9052
2026-04-01,128.2573,152.1549
2026-04-02,129.9252,153.9748
2026-04-03,125.1944,148.6223
2026-04-04,120.0117,141.5822
2026-04-05,112.6124,134.8118
2026-04-06,109.383,129.6483
2026-04-07,105.8449,124.9741
2026-04-08,96.7786,120.9756
2026-04-09,94.8966,119.9989
2026-04-10,87.5261,109.5701
2026-04-11,88.7404,107.2834
2026-04-12,89.2397,106.8991
2026-04-13,96.0813,114.1904
2026-04-14,96.0487,117.2026
2026-04-15,97.7076,122.3546
2026-04-16,99.8673,125.2483
2026-04-17,102.0551,127.9284
2026-04-18,100.2045,127.6718
2026-04-19,99.423,122.6242
2026-04-20,100.2157,123.7207
2026-04-21,102.4654,122.676
2026-04-22,109.5543,131.6187
2026-04-23,111.1269,130.3862
2026-04-24,121.1626,142.5162
2026-04-25,132.1889,156.6071
2026-04-26,132.5601,160.8655
2026-04-27,133.985,167.9178
2026-04-28,129.9534,157.3205
2026-04-29,129.9923,159.6292
2026-04-30,128.6675,156.0546
2026-05-01,126.3935,154.7644
2026-05-02,126.9045,154.8031
2026-05-03,128.9756,160.0103
2026-05-04,123.9077,150.4982
2026-05-05,116.8839,152.5086
2026-05-06,109.7907,137.5939
2026-05-07,104.205,129.4677
2026-05-08,106.0652,128.0425
2026-05-09,110.1848,131.5034
2026-05-10,110.4466,135.2007
2026-05-11,111.4525,138.6776
2026-05-12,104.9288,133.4923
2026-05-13,100.7237,124.8193
2026-05-14,95.7641,119.7537
2026-05-15,100.3151,125.8913
2026-05-16,100.7317,122.6753
2026-05-17,109.1066,131.2553
2026-05-18,106.7296,126.1995
2026-05-19,109.7269,129.3278
2026-05-20,108.4973,130.3675
2026-05-21,113.8178,132.3209
2026-05-22,117.0979,141.2436
2026-05-23,124.4524,145.6042
2026-05-24,132.8968,156.1547
2026-05-25,131.1012,153.1764
2026-05-26,140.733,167.2965
2026-05-27,146.0114,175.3347
2026-05-28,140.472,164.466
2026-05-29,137.1042,166.0401
2026-05-30,133.6345,160.9337
2026-05-31,125.8044,147.9148
