origin,lead,target_date,f107,q05,q10,q25,q50,q75,q90,q95,model,issued_at
2026-10-02,1,2026-10-03,97.1,89.2,90.6,93.4,96.8,100.7,104.9,107.9,F107_E24_ratio_deep,2026-10-02T18:38:05+00:00
2026-10-02,2,2026-10-04,96.5,86.0,88.0,91.4,95.7,100.9,106.3,111.5,F107_E24_ratio_deep,2026-10-02T18:38:05+00:00
2026-10-02,3,2026-10-05,96.6,83.3,85.4,89.9,94.9,101.9,108.9,115.5,F107_E24_ratio_deep,2026-10-02T18:38:05+00:00
2026-10-02,4,2026-10-06,98.4,82.4,85.1,90.1,96.3,104.2,112.9,121.1,F107_E24_ratio_deep,2026-10-02T18:38:05+00:00
2026-10-02,5,2026-10-07,101.8,82.3,86.0,91.7,98.9,107.6,118.8,127.0,F107_E24_ratio_deep,2026-10-02T18:38:05+00:00
2026-10-02,6,2026-10-08,105.6,83.9,87.9,93.9,101.9,112.3,125.3,133.8,F107_E24_ratio_deep,2026-10-02T18:38:05+00:00
2026-10-02,7,2026-10-09,109.0,85.4,89.1,95.9,105.1,117.2,131.6,139.7,F107_E24_ratio_deep,2026-10-02T18:38:05+00:00
2026-10-02,8,2026-10-10,111.5,86.3,90.0,96.8,107.0,119.9,135.5,144.1,F107_E24_ratio_deep,2026-10-02T18:38:05+00:00
2026-10-02,9,2026-10-11,111.7,85.4,90.3,97.0,107.1,121.4,136.0,144.3,F107_E24_ratio_deep,2026-10-02T18:38:05+00:00
2026-10-02,10,2026-10-12,112.6,86.4,90.8,97.8,108.3,123.3,136.7,146.2,F107_E24_ratio_deep,2026-10-02T18:38:05+00:00
2026-10-02,11,2026-10-13,114.2,87.4,92.1,99.2,110.3,124.9,138.7,147.9,F107_E24_ratio_deep,2026-10-02T18:38:05+00:00
2026-10-02,12,2026-10-14,114.2,87.9,92.1,99.2,110.5,125.1,138.0,147.7,F107_E24_ratio_deep,2026-10-02T18:38:05+00:00
2026-10-02,13,2026-10-15,115.8,89.0,93.2,100.6,112.2,127.1,140.4,149.2,F107_E24_ratio_deep,2026-10-02T18:38:05+00:00
2026-10-02,14,2026-10-16,118.1,91.6,96.2,103.1,115.2,130.6,143.5,153.1,F107_E24_ratio_deep,2026-10-02T18:38:05+00:00
2026-10-02,15,2026-10-17,120.1,93.9,98.2,105.0,117.3,132.7,146.8,157.4,F107_E24_ratio_deep,2026-10-02T18:38:05+00:00
2026-10-02,16,2026-10-18,120.3,93.1,98.1,105.4,117.5,133.5,147.8,157.4,F107_E24_ratio_deep,2026-10-02T18:38:05+00:00
2026-10-02,17,2026-10-19,120.3,92.7,98.0,105.8,117.3,133.1,147.6,157.1,F107_E24_ratio_deep,2026-10-02T18:38:05+00:00
2026-10-02,18,2026-10-20,119.3,91.9,96.9,104.1,117.4,132.7,146.8,157.8,F107_E24_ratio_deep,2026-10-02T18:38:05+00:00
2026-10-02,19,2026-10-21,120.5,92.4,97.2,104.9,118.3,134.0,147.7,158.2,F107_E24_ratio_deep,2026-10-02T18:38:05+00:00
2026-10-02,20,2026-10-22,117.0,89.8,94.4,101.8,114.5,129.9,144.0,154.0,F107_E24_ratio_deep,2026-10-02T18:38:05+00:00
2026-10-02,21,2026-10-23,114.9,88.2,92.6,100.1,112.5,127.7,140.9,151.6,F107_E24_ratio_deep,2026-10-02T18:38:05+00:00
2026-10-02,22,2026-10-24,114.0,87.2,91.7,99.2,111.4,126.6,140.1,150.9,F107_E24_ratio_deep,2026-10-02T18:38:05+00:00
2026-10-02,23,2026-10-25,114.8,87.4,92.0,99.4,111.9,127.6,141.1,151.3,F107_E24_ratio_deep,2026-10-02T18:38:05+00:00
2026-10-02,24,2026-10-26,114.5,86.8,91.5,99.1,111.4,127.3,141.4,151.6,F107_E24_ratio_deep,2026-10-02T18:38:05+00:00
2026-10-02,25,2026-10-27,115.2,87.5,91.9,99.2,111.9,127.9,142.7,152.4,F107_E24_ratio_deep,2026-10-02T18:38:05+00:00
2026-10-02,26,2026-10-28,115.4,87.5,91.6,99.2,111.9,128.6,142.6,152.7,F107_E24_ratio_deep,2026-10-02T18:38:05+00:00
2026-10-02,27,2026-10-29,114.4,86.0,90.5,97.9,111.3,127.8,141.6,152.5,F107_E24_ratio_deep,2026-10-02T18:38:05+00:00
2026-10-02,28,2026-10-30,114.4,86.5,89.7,97.0,111.2,127.7,141.7,152.8,F107_E24_ratio_deep,2026-10-02T18:38:05+00:00
2026-10-02,29,2026-10-31,114.3,85.9,89.0,96.5,111.1,127.6,141.7,153.8,F107_E24_ratio_deep,2026-10-02T18:38:05+00:00
2026-10-02,30,2026-11-01,115.0,85.6,89.0,96.6,111.2,129.2,142.6,155.3,F107_E24_ratio_deep,2026-10-02T18:38:05+00:00
