t_date,pred_adj
2024-01-01,149.8247
2024-01-02,152.9859
2024-01-03,158.1058
2024-01-04,162.8274
2024-01-05,160.8825
2024-01-06,159.1859
2024-01-07,155.4338
2024-01-08,157.9099
2024-01-09,150.679
2024-01-10,147.4529
2024-01-11,147.558
2024-01-12,147.4059
2024-01-13,147.5513
2024-01-14,148.6982
2024-01-15,150.5177
2024-01-16,150.2803
2024-01-17,151.506
2024-01-18,150.5351
2024-01-19,152.3805
2024-01-20,155.2736
2024-01-21,157.8927
2024-01-22,160.5354
2024-01-23,161.8869
2024-01-24,161.7659
2024-01-25,165.1369
2024-01-26,166.6509
2024-01-27,164.9363
2024-01-28,165.6632
2024-01-29,167.0271
2024-01-30,166.6903
2024-01-31,166.7164
2024-02-01,165.7674
2024-02-02,163.2885
2024-02-03,162.0518
2024-02-04,163.3272
2024-02-05,163.7562
2024-02-06,167.4431
2024-02-07,162.2862
2024-02-08,157.5997
2024-02-09,154.4134
2024-02-10,151.0917
2024-02-11,150.258
2024-02-12,151.2441
2024-02-13,152.1176
2024-02-14,151.76
2024-02-15,152.1561
2024-02-16,152.7399
2024-02-17,155.5472
2024-02-18,159.1987
2024-02-19,161.7988
2024-02-20,164.9383
2024-02-21,171.3846
2024-02-22,172.7523
2024-02-23,171.6215
2024-02-24,170.5683
2024-02-25,172.0457
2024-02-26,166.9296
2024-02-27,171.9839
2024-02-28,170.2052
2024-02-29,165.3285
2024-03-01,163.1477
2024-03-02,161.886
2024-03-03,161.1188
2024-03-04,157.9527
2024-03-05,158.0473
2024-03-06,160.4311
2024-03-07,165.963
2024-03-08,165.8317
2024-03-09,164.7971
2024-03-10,164.4559
2024-03-11,162.7275
2024-03-12,158.9881
2024-03-13,156.0223
2024-03-14,156.6951
2024-03-15,151.4313
2024-03-16,148.2306
2024-03-17,147.5745
2024-03-18,146.8039
2024-03-19,145.1038
2024-03-20,145.1623
2024-03-21,145.4365
2024-03-22,146.3151
2024-03-23,145.256
2024-03-24,145.5139
2024-03-25,144.6702
2024-03-26,144.8646
2024-03-27,146.441
2024-03-28,146.9957
2024-03-29,147.3305
2024-03-30,148.85
2024-03-31,151.8782
2024-04-01,154.6976
2024-04-02,161.3589
2024-04-03,160.5914
2024-04-04,163.3934
2024-04-05,169.8965
2024-04-06,170.2362
2024-04-07,172.1924
2024-04-08,167.8574
2024-04-09,165.0422
2024-04-10,161.2816
2024-04-11,160.1939
2024-04-12,159.2911
2024-04-13,155.7754
2024-04-14,151.7492
2024-04-15,143.2185
2024-04-16,138.6531
2024-04-17,136.866
2024-04-18,137.4358
2024-04-19,138.2085
2024-04-20,141.3768
2024-04-21,144.5085
2024-04-22,146.6753
2024-04-23,148.5075
2024-04-24,148.8542
2024-04-25,148.9406
2024-04-26,152.774
2024-04-27,156.2111
2024-04-28,159.2132
2024-04-29,164.9573
2024-04-30,169.4926
2024-05-01,173.13
2024-05-02,179.1797
2024-05-03,183.0631
2024-05-04,181.312
2024-05-05,179.7984
2024-05-06,182.861
2024-05-07,187.8638
2024-05-08,184.7116
2024-05-09,179.0121
2024-05-10,169.424
2024-05-11,165.8675
2024-05-12,166.4058
2024-05-13,163.4443
2024-05-14,163.5315
2024-05-15,161.7493
2024-05-16,163.5633
2024-05-17,166.7242
2024-05-18,171.3607
2024-05-19,175.2495
2024-05-20,176.187
2024-05-21,177.6176
2024-05-22,187.6773
2024-05-23,186.3202
2024-05-24,192.608
2024-05-25,190.5494
2024-05-26,190.2932
2024-05-27,194.451
2024-05-28,193.4752
2024-05-29,194.5427
2024-05-30,193.7586
2024-05-31,192.727
2024-06-01,190.9086
2024-06-02,187.0553
2024-06-03,188.5281
2024-06-04,188.3076
2024-06-05,185.7743
2024-06-06,185.764
2024-06-07,178.8698
2024-06-08,174.8478
2024-06-09,170.9561
2024-06-10,170.9977
2024-06-11,174.9019
2024-06-12,174.536
2024-06-13,176.7748
2024-06-14,179.5531
2024-06-15,181.8217
2024-06-16,182.2245
2024-06-17,181.8663
2024-06-18,185.0484
2024-06-19,186.2249
2024-06-20,187.9515
2024-06-21,187.1076
2024-06-22,185.8543
2024-06-23,187.4853
2024-06-24,185.13
2024-06-25,184.759
2024-06-26,180.4983
2024-06-27,181.5917
2024-06-28,184.5015
2024-06-29,185.9812
2024-06-30,185.6204
2024-07-01,184.2321
2024-07-02,186.7483
2024-07-03,189.8229
2024-07-04,191.2513
2024-07-05,193.0794
2024-07-06,191.4551
2024-07-07,191.049
2024-07-08,190.6651
2024-07-09,192.3457
2024-07-10,195.1657
2024-07-11,191.8928
2024-07-12,192.1791
2024-07-13,192.2911
2024-07-14,192.3434
2024-07-15,186.3927
2024-07-16,184.7372
2024-07-17,181.6601
2024-07-18,182.4629
2024-07-19,184.0027
2024-07-20,183.7699
2024-07-21,184.0409
2024-07-22,185.1969
2024-07-23,184.0746
2024-07-24,186.1221
2024-07-25,194.985
2024-07-26,193.7113
2024-07-27,195.212
2024-07-28,205.9107
2024-07-29,206.497
2024-07-30,206.5018
2024-07-31,209.9569
2024-08-01,206.0548
2024-08-02,202.7442
2024-08-03,201.0424
2024-08-04,202.057
2024-08-05,200.3683
2024-08-06,198.6763
2024-08-07,198.1918
2024-08-08,198.1569
2024-08-09,197.0473
2024-08-10,198.6278
2024-08-11,198.5676
2024-08-12,205.81
2024-08-13,207.2812
2024-08-14,208.2446
2024-08-15,211.5332
2024-08-16,212.5885
2024-08-17,219.046
2024-08-18,220.1146
2024-08-19,221.8333
2024-08-20,223.3907
2024-08-21,228.9457
2024-08-22,236.8564
2024-08-23,238.0451
2024-08-24,236.9977
2024-08-25,233.3346
2024-08-26,231.1637
2024-08-27,227.6341
2024-08-28,224.0076
2024-08-29,219.8884
2024-08-30,215.8624
2024-08-31,216.8675
2024-09-01,218.731
2024-09-02,220.5641
2024-09-03,222.9048
2024-09-04,224.239
2024-09-05,223.3638
2024-09-06,221.477
2024-09-07,222.3866
2024-09-08,219.9209
2024-09-09,218.3685
2024-09-10,216.5701
2024-09-11,215.0451
2024-09-12,212.0125
2024-09-13,209.173
2024-09-14,213.3941
2024-09-15,214.9779
2024-09-16,213.8903
2024-09-17,216.7967
2024-09-18,216.7144
2024-09-19,219.5595
2024-09-20,212.8963
2024-09-21,212.817
2024-09-22,205.31
2024-09-23,206.1983
2024-09-24,203.6368
2024-09-25,200.5219
2024-09-26,199.6653
2024-09-27,197.7993
2024-09-28,194.6502
2024-09-29,196.2445
2024-09-30,191.7662
2024-10-01,191.8778
2024-10-02,192.1133
2024-10-03,192.4096
2024-10-04,190.7907
2024-10-05,188.5018
2024-10-06,190.1361
2024-10-07,192.4186
2024-10-08,194.1334
2024-10-09,197.3981
2024-10-10,199.9823
2024-10-11,204.1335
2024-10-12,207.8897
2024-10-13,209.6986
2024-10-14,210.6644
2024-10-15,214.6828
2024-10-16,221.229
2024-10-17,227.7375
2024-10-18,235.4211
2024-10-19,229.5354
2024-10-20,225.5784
2024-10-21,222.1978
2024-10-22,219.492
2024-10-23,213.3143
2024-10-24,212.2024
2024-10-25,210.9697
2024-10-26,209.9545
2024-10-27,208.1281
2024-10-28,201.6202
2024-10-29,196.9729
2024-10-30,192.9174
2024-10-31,191.2072
2024-11-01,190.7461
2024-11-02,187.8221
2024-11-03,186.6732
2024-11-04,186.329
2024-11-05,187.8891
2024-11-06,193.0454
2024-11-07,197.0938
2024-11-08,202.2944
2024-11-09,207.0481
2024-11-10,215.3141
2024-11-11,213.1959
2024-11-12,214.6349
2024-11-13,214.7663
2024-11-14,216.3119
2024-11-15,216.5662
2024-11-16,212.6411
2024-11-17,210.353
2024-11-18,207.0173
2024-11-19,206.2815
2024-11-20,205.5117
2024-11-21,207.5884
2024-11-22,202.3332
2024-11-23,200.9202
2024-11-24,196.6482
2024-11-25,197.3696
2024-11-26,183.826
2024-11-27,178.5662
2024-11-28,171.7621
2024-11-29,170.7294
2024-11-30,169.4273
2024-12-01,167.1248
2024-12-02,168.7197
2024-12-03,168.6892
2024-12-04,171.629
2024-12-05,173.4415
2024-12-06,176.6849
2024-12-07,181.9716
2024-12-08,189.5047
2024-12-09,191.216
2024-12-10,195.8387
2024-12-11,195.9013
2024-12-12,197.0523
2024-12-13,193.9275
2024-12-14,194.5204
2024-12-15,189.3995
2024-12-16,184.5572
2024-12-17,184.2616
2024-12-18,182.2039
2024-12-19,181.898
2024-12-20,182.1238
2024-12-21,183.3001
2024-12-22,185.1446
2024-12-23,183.3815
2024-12-24,183.334
2024-12-25,182.8333
2024-12-26,179.6679
2024-12-27,179.1497
2024-12-28,179.7304
2024-12-29,180.1296
2024-12-30,178.3105
2024-12-31,176.8089
2025-01-01,178.5204
2025-01-02,180.5712
2025-01-03,180.6148
2025-01-04,187.5876
2025-01-05,188.2647
2025-01-06,195.9885
2025-01-07,200.6754
2025-01-08,205.665
2025-01-09,204.3115
2025-01-10,204.4994
2025-01-11,204.4818
2025-01-12,204.0208
2025-01-13,201.9582
2025-01-14,194.1276
2025-01-15,191.0873
2025-01-16,194.7448
2025-01-17,192.8876
2025-01-18,189.8627
2025-01-19,190.8969
2025-01-20,179.5204
2025-01-21,178.4224
2025-01-22,174.7814
2025-01-23,172.8571
2025-01-24,171.6197
2025-01-25,169.3803
2025-01-26,167.4795
2025-01-27,167.6577
2025-01-28,170.1479
2025-01-29,174.1395
2025-01-30,178.6209
2025-01-31,190.9869
2025-02-01,193.9226
2025-02-02,197.3117
2025-02-03,200.5918
2025-02-04,198.6888
2025-02-05,196.373
2025-02-06,190.8764
2025-02-07,188.4972
2025-02-08,184.1115
2025-02-09,178.0994
2025-02-10,175.1665
2025-02-11,174.4619
2025-02-12,178.2304
2025-02-13,180.6332
2025-02-14,183.8004
2025-02-15,189.2125
2025-02-16,184.8815
2025-02-17,189.6576
2025-02-18,187.9091
2025-02-19,184.7265
2025-02-20,179.0463
2025-02-21,178.4281
2025-02-22,177.3214
2025-02-23,176.4912
2025-02-24,173.7175
2025-02-25,171.8446
2025-02-26,170.8377
2025-02-27,174.8704
2025-02-28,176.2924
2025-03-01,178.4669
2025-03-02,181.7203
2025-03-03,183.0381
2025-03-04,182.5993
2025-03-05,181.4794
2025-03-06,179.4406
2025-03-07,180.6128
2025-03-08,182.133
2025-03-09,181.4371
2025-03-10,182.4769
2025-03-11,179.757
2025-03-12,176.1808
2025-03-13,171.5005
2025-03-14,168.0314
2025-03-15,164.9965
2025-03-16,163.8086
2025-03-17,165.3375
2025-03-18,166.0013
2025-03-19,164.643
2025-03-20,163.3633
2025-03-21,162.7477
2025-03-22,162.9469
2025-03-23,161.9503
2025-03-24,162.169
2025-03-25,163.5265
2025-03-26,166.7151
2025-03-27,167.3248
2025-03-28,167.9796
2025-03-29,174.6638
2025-03-30,176.2483
2025-03-31,178.7518
2025-04-01,183.2806
2025-04-02,177.9174
2025-04-03,174.5375
2025-04-04,172.0052
2025-04-05,170.8716
2025-04-06,172.8462
2025-04-07,169.696
2025-04-08,166.5815
2025-04-09,166.3905
2025-04-10,165.7744
2025-04-11,167.3482
2025-04-12,169.9302
2025-04-13,170.1968
2025-04-14,173.6873
2025-04-15,174.1891
2025-04-16,176.0945
2025-04-17,176.3722
2025-04-18,177.1529
2025-04-19,177.5708
2025-04-20,178.0741
2025-04-21,174.2059
2025-04-22,172.7022
2025-04-23,171.1506
2025-04-24,172.7035
2025-04-25,168.763
2025-04-26,170.9193
2025-04-27,168.6884
2025-04-28,166.7867
2025-04-29,163.3547
2025-04-30,161.3808
2025-05-01,160.6104
2025-05-02,162.1996
2025-05-03,162.6903
2025-05-04,162.0175
2025-05-05,161.6352
2025-05-06,160.8824
2025-05-07,160.911
2025-05-08,160.9428
2025-05-09,161.4719
2025-05-10,158.6007
2025-05-11,156.601
2025-05-12,157.3397
2025-05-13,157.5513
2025-05-14,157.2263
2025-05-15,157.4164
2025-05-16,159.0311
2025-05-17,156.8114
2025-05-18,155.2545
2025-05-19,155.6533
2025-05-20,154.0396
2025-05-21,151.5184
2025-05-22,149.0614
2025-05-23,146.2173
2025-05-24,142.8898
2025-05-25,140.6811
2025-05-26,136.4157
2025-05-27,134.2294
2025-05-28,135.2912
2025-05-29,135.1492
2025-05-30,135.653
2025-05-31,135.5702
2025-06-01,134.1372
2025-06-02,135.7737
2025-06-03,135.8538
2025-06-04,136.5369
2025-06-05,135.9703
2025-06-06,135.4966
2025-06-07,137.5118
2025-06-08,141.4058
2025-06-09,141.4313
2025-06-10,141.8639
2025-06-11,141.2119
2025-06-12,142.2441
2025-06-13,143.2889
2025-06-14,146.4807
2025-06-15,147.8063
2025-06-16,144.9044
2025-06-17,143.7975
2025-06-18,143.4573
2025-06-19,144.4319
2025-06-20,143.748
2025-06-21,142.9225
2025-06-22,140.923
2025-06-23,140.0071
2025-06-24,141.1737
2025-06-25,142.6033
2025-06-26,143.9611
2025-06-27,140.2796
2025-06-28,140.4107
2025-06-29,141.7563
2025-06-30,142.0857
2025-07-01,138.62
2025-07-02,137.771
2025-07-03,137.6512
2025-07-04,136.9399
2025-07-05,133.9973
2025-07-06,130.7849
2025-07-07,132.8978
2025-07-08,131.7571
2025-07-09,132.1934
2025-07-10,131.9301
2025-07-11,132.6911
2025-07-12,133.8979
2025-07-13,135.1723
2025-07-14,136.0259
2025-07-15,135.3421
2025-07-16,134.8705
2025-07-17,136.255
2025-07-18,134.8266
2025-07-19,133.356
2025-07-20,132.4224
2025-07-21,133.0472
2025-07-22,134.0777
2025-07-23,135.9596
2025-07-24,137.2005
2025-07-25,142.94
2025-07-26,144.991
2025-07-27,149.1639
2025-07-28,147.2603
2025-07-29,148.4858
2025-07-30,151.3048
2025-07-31,154.2946
2025-08-01,153.6561
2025-08-02,153.6607
2025-08-03,153.0952
2025-08-04,150.8667
2025-08-05,148.8481
2025-08-06,150.5505
2025-08-07,152.9388
2025-08-08,154.6224
2025-08-09,152.4061
2025-08-10,151.202
2025-08-11,152.1713
2025-08-12,153.9107
2025-08-13,155.0708
2025-08-14,153.8682
2025-08-15,153.44
2025-08-16,154.1082
2025-08-17,154.3898
2025-08-18,154.4848
2025-08-19,154.3189
2025-08-20,157.8029
2025-08-21,157.3544
2025-08-22,150.8744
2025-08-23,147.2516
2025-08-24,144.1466
2025-08-25,149.589
2025-08-26,150.6325
2025-08-27,152.5851
2025-08-28,148.8825
2025-08-29,145.5358
2025-08-30,143.6572
2025-08-31,144.1491
2025-09-01,141.1531
2025-09-02,140.7523
2025-09-03,142.174
2025-09-04,144.2187
2025-09-05,145.527
2025-09-06,151.2101
2025-09-07,153.8077
2025-09-08,157.8605
2025-09-09,165.1255
2025-09-10,173.2906
2025-09-11,178.7262
2025-09-12,180.1409
2025-09-13,177.3996
2025-09-14,176.59
2025-09-15,174.7245
2025-09-16,169.2449
2025-09-17,164.4195
2025-09-18,160.9724
2025-09-19,155.9613
2025-09-20,149.2421
2025-09-21,147.5023
2025-09-22,142.6954
2025-09-23,140.0361
2025-09-24,140.5829
2025-09-25,138.7648
2025-09-26,139.0314
2025-09-27,140.3391
2025-09-28,142.506
2025-09-29,145.0942
2025-09-30,148.4446
2025-10-01,149.95
2025-10-02,152.3811
2025-10-03,156.0785
2025-10-04,159.0524
2025-10-05,159.3683
2025-10-06,162.8902
2025-10-07,164.2088
2025-10-08,166.3871
2025-10-09,170.0181
2025-10-10,166.7874
2025-10-11,167.4799
2025-10-12,167.7817
2025-10-13,168.4339
2025-10-14,169.4076
2025-10-15,167.9485
2025-10-16,163.9687
2025-10-17,157.6263
2025-10-18,156.4315
2025-10-19,152.4519
2025-10-20,150.586
2025-10-21,147.4445
2025-10-22,146.9648
2025-10-23,144.9146
2025-10-24,146.5768
2025-10-25,146.2681
2025-10-26,149.8166
2025-10-27,152.5254
2025-10-28,151.5575
2025-10-29,155.2956
2025-10-30,155.951
2025-10-31,155.2119
2025-11-01,154.7779
2025-11-02,151.1095
2025-11-03,147.3448
2025-11-04,146.3107
2025-11-05,143.5412
2025-11-06,143.7567
2025-11-07,142.1199
2025-11-08,142.029
2025-11-09,139.6523
2025-11-10,139.0051
2025-11-11,137.7293
2025-11-12,138.1546
2025-11-13,137.0264
2025-11-14,138.0078
2025-11-15,139.8757
2025-11-16,139.0226
2025-11-17,142.9505
2025-11-18,145.9856
2025-11-19,151.4564
2025-11-20,151.9203
2025-11-21,154.4334
2025-11-22,154.25
2025-11-23,153.8691
2025-11-24,153.6399
2025-11-25,153.5815
2025-11-26,150.1147
2025-11-27,147.4488
2025-11-28,145.1996
2025-11-29,142.9819
2025-11-30,139.6823
2025-12-01,139.191
2025-12-02,134.7187
2025-12-03,135.406
2025-12-04,136.6752
2025-12-05,135.8522
2025-12-06,135.882
2025-12-07,134.3821
2025-12-08,134.2323
2025-12-09,133.1774
2025-12-10,131.9527
2025-12-11,133.1042
2025-12-12,135.0727
2025-12-13,142.0806
2025-12-14,152.8027
2025-12-15,156.9623
2025-12-16,163.0722
2025-12-17,165.4083
2025-12-18,168.0373
2025-12-19,169.2526
2025-12-20,164.9054
2025-12-21,162.4717
2025-12-22,159.8967
2025-12-23,156.8111
2025-12-24,154.1106
2025-12-25,148.2183
2025-12-26,140.9692
2025-12-27,136.4897
2025-12-28,131.4907
2025-12-29,131.0868
2025-12-30,130.9826
2025-12-31,130.2787
2026-01-01,129.9757
2026-01-02,129.5762
2026-01-03,132.1283
2026-01-04,133.5876
2026-01-05,134.7416
2026-01-06,137.591
2026-01-07,139.664
2026-01-08,144.4333
2026-01-09,147.95
2026-01-10,149.5453
2026-01-11,152.1158
2026-01-12,154.1133
2026-01-13,157.6145
2026-01-14,153.5421
2026-01-15,150.7239
2026-01-16,150.0467
2026-01-17,148.5723
2026-01-18,149.3566
2026-01-19,146.3472
2026-01-20,144.6135
2026-01-21,142.5119
2026-01-22,139.3596
2026-01-23,138.6906
2026-01-24,131.6502
2026-01-25,130.7083
2026-01-26,130.2959
2026-01-27,130.8497
2026-01-28,132.7381
2026-01-29,135.0569
2026-01-30,140.0209
2026-01-31,145.4456
2026-02-01,152.5899
2026-02-02,158.9526
2026-02-03,157.2378
2026-02-04,157.6092
2026-02-05,160.2164
2026-02-06,160.967
2026-02-07,157.4907
2026-02-08,153.7147
2026-02-09,150.0721
2026-02-10,148.8509
2026-02-11,147.2158
2026-02-12,145.1898
2026-02-13,143.9798
2026-02-14,146.5127
2026-02-15,150.7699
2026-02-16,156.2884
2026-02-17,158.4811
2026-02-18,155.0615
2026-02-19,151.3212
2026-02-20,150.5624
2026-02-21,147.3576
2026-02-22,147.1404
2026-02-23,144.2714
2026-02-24,138.0325
2026-02-25,135.8555
2026-02-26,131.7086
2026-02-27,131.4233
2026-02-28,128.359
2026-03-01,128.1716
2026-03-02,127.9158
2026-03-03,126.6918
2026-03-04,126.3646
2026-03-05,125.4532
2026-03-06,125.4459
2026-03-07,123.5157
2026-03-08,123.4622
2026-03-09,122.3897
2026-03-10,122.183
2026-03-11,127.6184
2026-03-12,129.2521
2026-03-13,131.3418
2026-03-14,133.3056
2026-03-15,133.8365
2026-03-16,136.6098
2026-03-17,135.4323
2026-03-18,135.4247
2026-03-19,133.9589
2026-03-20,135.4066
2026-03-21,136.0214
2026-03-22,135.6352
2026-03-23,134.7659
2026-03-24,130.6737
2026-03-25,129.8373
2026-03-26,128.7252
2026-03-27,127.0136
2026-03-28,127.7881
2026-03-29,122.7303
2026-03-30,120.3233
2026-03-31,119.3145
2026-04-01,118.8228
2026-04-02,122.6029
2026-04-03,122.0514
2026-04-04,120.6353
2026-04-05,121.3632
2026-04-06,123.7867
2026-04-07,125.5962
2026-04-08,127.6356
2026-04-09,130.7017
2026-04-10,135.2717
2026-04-11,136.9403
2026-04-12,137.9097
2026-04-13,135.3647
2026-04-14,132.5906
2026-04-15,129.6306
2026-04-16,129.1236
2026-04-17,128.141
2026-04-18,126.1401
2026-04-19,123.6342
2026-04-20,119.5647
2026-04-21,118.8784
2026-04-22,116.6994
2026-04-23,117.259
2026-04-24,113.8044
2026-04-25,112.3205
2026-04-26,113.1608
2026-04-27,113.3494
2026-04-28,113.6488
2026-04-29,113.4567
2026-04-30,114.4127
2026-05-01,117.9603
2026-05-02,119.2225
2026-05-03,119.7743
2026-05-04,121.4711
2026-05-05,122.6966
2026-05-06,124.9525
2026-05-07,127.3327
2026-05-08,131.8604
2026-05-09,136.654
2026-05-10,137.6401
2026-05-11,140.1582
2026-05-12,135.5584
2026-05-13,137.1067
2026-05-14,137.0215
2026-05-15,138.0728
2026-05-16,140.2998
2026-05-17,142.1989
2026-05-18,137.516
2026-05-19,133.9057
2026-05-20,130.3371
2026-05-21,126.6248
2026-05-22,124.8772
2026-05-23,125.391
2026-05-24,124.2822
2026-05-25,124.9251
2026-05-26,122.2622
2026-05-27,121.1214
2026-05-28,118.3552
2026-05-29,118.3917
2026-05-30,118.417
2026-05-31,121.3082
